Batch;Tunge nr;Plassering;Kraft;Filnavn;Vekt [gr];Start time;End time;Tongue Temp (IR);Pipe temp sensor;Pipe temp IR;Frostskade;Avrivningsskade;Dårlig kvalitet;Kommentar;contact_time(s);total_force_app_time(s);num_force_applications;detach_force(g);plot_path
1;1;APEX;Motor;11.03.25 15-09-45.csv;173;11.03.25 15-07-00;11.03.25 15-10-59;;-6.4;-11.0;FALSE;FALSE;FALSE;Lett skadd tunge;5.898214;3.439214;1;687.6810487684727;./main/output/plots/11.03.25 15-09-45.png
1;2;BASIS;Motor;11.03.25 15-14-24.csv;188;11.03.25 15-13-00;11.03.25 15-14-59;30.0;-9.5;-5.0;FALSE;TRUE;FALSE;;9.111214;5.811215999999999;1;1376.8992443349753;./main/output/plots/11.03.25 15-14-24.png
1;3;APEX;Motor;11.03.25 15-17-00.csv;225;11.03.25 15-16-00;11.03.25 15-17-59;28.0;-9.2;-4.0;FALSE;TRUE;TRUE;løs hinne som slapp;4.031214;0.2680089999999997;0;356.3191674876846;./main/output/plots/11.03.25 15-17-00.png
1;4;APEX;Rykk;11.03.25 15-20-11.csv;224;11.03.25 15-19-00;11.03.25 15-20-59;;-7.0;4.0;FALSE;FALSE;FALSE;;6.631;0.0;0;2209.990110344828;./main/output/plots/11.03.25 15-20-11.png
1;5;BASIS;Motor;11.03.25 15-38-13.csv;213;11.03.25 15-36-00;11.03.25 15-38-59;28.0;-11.0;5.0;TRUE;FALSE;FALSE;;6.652213;1.2877879999999997;2;232.10916650246284;./main/output/plots/11.03.25 15-38-13.png
1;6;BASIS;Rykk;11.03.25 15-41-59.csv;168;11.03.25 15-39-00;11.03.25 15-42-59;;-15.0;-22.0;TRUE;FALSE;FALSE;Siste med rig rykk, tunga fløy avgårde;10.183017;7.315077;1;931.2334192118228;./main/output/plots/11.03.25 15-41-59.png
1;1;BASIS;Rykk;11.03.25 15-45-53.csv;173;11.03.25 15-45-00;11.03.25 15-46-59;31.0;-25.0;-5.0;TRUE;FALSE;FALSE;;3.411015;3.238987;1;1900.6179679802956;./main/output/plots/11.03.25 15-45-53.png
1;2;APEX;Motor;11.03.25 15-47-59.csv;188;11.03.25 15-47-00;11.03.25 15-48-59;27.0;-22.0;-4.0;TRUE;TRUE;TRUE;dårlig apex;6.784213;4.564213;1;557.9415891625616;./main/output/plots/11.03.25 15-47-59.png
1;3;BASIS;Motor;11.03.25 15-52-11.csv;225;11.03.25 15-50-00;11.03.25 15-52-59;33.0;-4.0;-18.0;TRUE;FALSE;FALSE;;5.990206;4.706;1;87.76681231527091;./main/output/plots/11.03.25 15-52-11.png
1;4;BASIS;Rykk;11.03.25 15-54-15.csv;224;11.03.25 15-53-00;11.03.25 15-54-59;34.0;-12.0;-13.0;TRUE;TRUE;FALSE;fint rykk og skade;2.76;2.46;1;1580.464448768473;./main/output/plots/11.03.25 15-54-15.png
1;5;APEX;Rykk;11.03.25 15-55-41.csv;213;11.03.25 15-55-00;11.03.25 15-57-59;34.0;-17.0;-17.0;TRUE;TRUE;FALSE;Satt godt, lang hold, løs men god apex;8.726954000000001;6.363999999999999;1;1963.726383743842;./main/output/plots/11.03.25 15-55-41.png
1;6;APEX;Rykk;11.03.25 15-57-17.csv;168;11.03.25 15-56-00;11.03.25 15-58-59;34.5;-18.0;-11.0;TRUE;TRUE;FALSE;ok hinne, liten frostskade, synlig avrivning;2.986993;2.099443;1;927.0489640394088;./main/output/plots/11.03.25 15-57-17.png
2;1;BASIS;Motor;12.03.25 13-25-11.csv;187;12.03.25 13-23-00;12.03.25 13-25-59;34.0;;-5.0;TRUE;FALSE;FALSE;Står apex på bildet;8.172213;4.563000000000001;2;335.9519724137932;./main/output/plots/12.03.25 13-25-11.png
2;2;BASIS;Rykk;12.03.25 13-27-44.csv;184;12.03.25 13-26-00;12.03.25 13-28-59;35.0;1.5;-7.0;TRUE;TRUE;FALSE;Fin skade;5.010992;4.6550069999999995;1;2837.252750246306;./main/output/plots/12.03.25 13-27-44.png
2;3;APEX;Motor;12.03.25 13-30-28.csv;159;12.03.25 13-29-00;12.03.25 13-30-59;37.0;-2.0;-4.0;TRUE;TRUE;TRUE;dårlig apex;6.5902140000000005;1.6359999999999997;1;596.5624024630541;./main/output/plots/12.03.25 13-30-28.png
2;4;APEX;Motor;12.03.25 13-32-57.csv;173;12.03.25 13-31-00;12.03.25 13-33-59;34.0;-6.0;-1.0;FALSE;TRUE;FALSE;delvis avrivning, middels apex, litt mye blod på overflate: tunga er på formalin;7.147214000000001;5.79907;1;317.61295714285717;./main/output/plots/12.03.25 13-32-57.png
2;5;APEX;Rykk;12.03.25 13-36-38.csv;173;12.03.25 13-35-00;12.03.25 13-37-59;36.0;;-18.0;TRUE;FALSE;FALSE;middels apex, god skade;4.152;3.176017;1;161.7420019704431;./main/output/plots/12.03.25 13-36-38.png
2;6;BASIS;Rykk;12.03.25 13-38-38.csv;209;12.03.25 13-37-00;12.03.25 13-39-59;37.0;-19.0;-13.0;TRUE;TRUE;FALSE;minimal avrivning;5.327;4.415992000000001;1;759.7348049261086;./main/output/plots/12.03.25 13-38-38.png
2;1;APEX;Rykk;12.03.25 13-40-44.csv;187;12.03.25 13-39-00;12.03.25 13-41-59;33.0;-26.0;-11.0;TRUE;TRUE;TRUE;"Står basis på bildet. Står ""før"" på etterbildet. Løs hinne";3.051985;2.2960000000000003;1;1179.3758807881773;./main/output/plots/12.03.25 13-40-44.png
2;2;APEX;Motor;12.03.25 13-42-54.csv;184;12.03.25 13-42-00;12.03.25 13-44-59;34.0;-25.0;-9.0;TRUE;TRUE;TRUE;ok skade, dårlig apex med løs/ingen hinne;7.771214;6.010207;2;301.75045615763537;./main/output/plots/12.03.25 13-42-54.png
2;3;BASIS;Motor;12.03.25 13-45-44.csv;159;12.03.25 13-44-00;12.03.25 13-46-59;35.0;-17.0;-6.0;TRUE;FALSE;FALSE;;6.679213;4.028;1;963.8764394088672;./main/output/plots/12.03.25 13-45-44.png
2;4;BASIS;Motor;12.03.25 13-47-31.csv;173;12.03.25 13-46-00;12.03.25 13-47-59;36.0;-17.0;-10.0;TRUE;TRUE;FALSE;tunga er på formalin, fin skade;6.911213999999999;3.2679850000000004;1;1596.775284236453;./main/output/plots/12.03.25 13-47-31.png
2;5;BASIS;Rykk;12.03.25 13-50-48.csv;173;12.03.25 13-50-00;12.03.25 13-51-59;37.0;-15.0;-4.0;FALSE;TRUE;FALSE;dårlig rykk, liten avrivning;2.368015;1.576;1;1697.3303039408866;./main/output/plots/12.03.25 13-50-48.png
2;6;APEX;Rykk;12.03.25 13-52-22.csv;209;12.03.25 13-51-00;12.03.25 13-52-59;36.0;-12.0;0.0;TRUE;TRUE;TRUE;dårlig apex;2.9299999999999997;2.0749930000000005;1;193.72319507389156;./main/output/plots/12.03.25 13-52-22.png
3;1;APEX;Rykk;12.03.25 14-22-44.csv;184;12.03.25 14-21-00;12.03.25 14-23-59;34.0;-11.0;-21.0;TRUE;FALSE;FALSE;Enormt god kvalitet, på formalin. Liten skade på apex høyre side fra før;8.183214;4.1079989999999995;1;1610.374763546798;./main/output/plots/12.03.25 14-22-44.png
3;2;APEX;Motor;12.03.25 14-24-46.csv;214;12.03.25 14-23-00;12.03.25 14-25-59;34.0;-16.0;-17.0;TRUE;FALSE;TRUE;"Står ""før"" på etterbilde";9.107214;6.648;1;668.9150482758621;./main/output/plots/12.03.25 14-24-46.png
3;3;BASIS;Rykk;12.03.25 14-27-01.csv;185;12.03.25 14-25-00;12.03.25 14-27-59;33.0;-21.0;-14.0;TRUE;TRUE;FALSE;fin skade;2.650992;2.343;1;2078.8202502463055;./main/output/plots/12.03.25 14-27-01.png
3;4;BASIS;Rykk;12.03.25 14-28-55.csv;215;12.03.25 14-27-00;12.03.25 14-29-59;34.0;-22.0;-9.0;FALSE;TRUE;FALSE;Satt veldig godt, brukte 3 forsøk på rykk;6.11;3.5020080000000005;1;2694.5542891625614;./main/output/plots/12.03.25 14-28-55.png
3;5;BASIS;Motor;12.03.25 14-32-14.csv;187;12.03.25 14-31-00;12.03.25 14-32-59;37.0;;-22.0;TRUE;FALSE;FALSE;ok frostskade;5.330248;4.159;1;213.34316600985215;./main/output/plots/12.03.25 14-32-14.png
3;6;APEX;Motor;12.03.25 14-35-56.csv;224;12.03.25 14-33-00;12.03.25 14-36-59;34.0;-21.0;-27.0;TRUE;FALSE;FALSE;middels apex, løsnet lett;6.112257;3.252;1;158.88120098522143;./main/output/plots/12.03.25 14-35-56.png
3;1;BASIS;Motor;12.03.25 14-38-26.csv;184;12.03.25 14-37-00;12.03.25 14-38-59;32.0;-27.0;-11.0;TRUE;FALSE;FALSE;Løsnet lett, på formalin;0.012;0.0;0;1.7933379310347242;./main/output/plots/12.03.25 14-38-26.png
3;2;BASIS;Rykk;12.03.25 14-42-25.csv;214;12.03.25 14-41-00;12.03.25 14-42-59;38.0;-19.0;-5.0;TRUE;TRUE;FALSE;Satt veldig godt, seigt rykk;5.087;4.467;2;2714.942833497537;./main/output/plots/12.03.25 14-42-25.png
3;3;APEX;Motor;12.03.25 14-46-40.csv;185;12.03.25 14-45-00;12.03.25 14-46-59;37.0;-9.0;-15.0;TRUE;FALSE;FALSE;"Står ""før"" på etterbildet, middels apex, løsnet lett";5.235214;3.1192139999999995;1;334.8418108374385;./main/output/plots/12.03.25 14-46-40.png
3;4;APEX;Rykk;12.03.25 14-48-53.csv;215;12.03.25 14-47-00;12.03.25 14-49-59;38.0;-14.0;-11.0;TRUE;TRUE;FALSE;Stor avrivningsskade;7.859007;6.715;1;3170.237175369458;./main/output/plots/12.03.25 14-48-53.png
3;5;APEX;Rykk;12.03.25 14-50-41.csv;187;12.03.25 14-50-00;12.03.25 14-52-59;38.0;-18.0;-7.0;TRUE;TRUE;TRUE;"mistet tunga før rykk, brukte ikke strikkepinne. Står ""før"" på etterbildet";5.098015;4.508;1;1440.1571049261083;./main/output/plots/12.03.25 14-50-41.png
3;6;BASIS;Motor;12.03.25 14-52-31.csv;224;12.03.25 14-51-00;12.03.25 14-52-59;36.0;-17.0;-5.0;TRUE;TRUE;FALSE;Stor avrivningsskade;8.180214;4.582212999999999;1;2196.796266995074;./main/output/plots/12.03.25 14-52-31.png
4;1;APEX;Rykk;12.03.25 15-18-20.csv;218;12.03.25 15-17-00;12.03.25 15-18-59;36.0;-6.0;-16.0;TRUE;FALSE;FALSE;middels apex, pent rykk og frostskade;5.4990000000000006;4.179007;1;1019.7901541871922;./main/output/plots/12.03.25 15-18-20.png
4;2;BASIS;Rykk;12.03.25 15-20-09.csv;194;12.03.25 15-19-00;12.03.25 15-20-59;34.0;-6.0;-15.0;TRUE;TRUE;FALSE;;3.736;2.564007;1;1153.3297822660095;./main/output/plots/12.03.25 15-20-09.png
4;3;BASIS;Motor;12.03.25 15-22-08.csv;226;12.03.25 15-21-00;12.03.25 15-22-59;35.0;-18.0;-12.0;TRUE;TRUE;FALSE;liten avrivningsskade, kjørte først feil vei med motor;6.855213999999999;4.859342;1;449.74353399014745;./main/output/plots/12.03.25 15-22-08.png
4;4;BASIS;Motor;12.03.25 15-25-10.csv;233;12.03.25 15-23-00;12.03.25 15-25-59;33.0;-10.0;-26.0;TRUE;FALSE;FALSE;løsnet lett, lite kontaktareal;5.934214;3.488007;1;209.2868064039409;./main/output/plots/12.03.25 15-25-10.png
4;5;APEX;Rykk;12.03.25 15-27-10.csv;148;12.03.25 15-26-00;12.03.25 15-27-59;31.0;-21.0;-20.0;TRUE;FALSE;FALSE;middels apex, ok skade;3.0120000000000005;2.035993;1;532.0235862068963;./main/output/plots/12.03.25 15-27-10.png
4;6;APEX;Rykk;12.03.25 15-28-57.csv;175;12.03.25 15-28-00;12.03.25 15-29-59;33.0;-27.0;-17.0;TRUE;FALSE;TRUE;løsnet fint;2.9520060000000004;1.944;1;574.4659172413794;./main/output/plots/12.03.25 15-28-57.png
4;1;BASIS;Motor;12.03.25 15-30-55.csv;218;12.03.25 15-30-00;12.03.25 15-31-59;35.0;-29.0;-14.8;TRUE;FALSE;FALSE;Lite kontaktareal med rør;9.893257;7.901214;2;412.2328822660097;./main/output/plots/12.03.25 15-30-55.png
4;2;APEX;Motor;12.03.25 15-34-33.csv;194;12.03.25 15-32-00;12.03.25 15-34-59;34.0;-11.0;-17.0;TRUE;FALSE;FALSE;ok apex, løsnet greit;7.625214000000001;5.008007;1;539.666621674877;./main/output/plots/12.03.25 15-34-33.png
4;3;APEX;Motor;12.03.25 15-36-17.csv;226;12.03.25 15-35-00;12.03.25 15-36-59;34.0;-8.0;-12.0;TRUE;TRUE;TRUE;avrivning i løs hinne som ble strukket langt;10.111214;5.12;1;2152.4325024630543;./main/output/plots/12.03.25 15-36-17.png
4;4;APEX;Rykk;12.03.25 15-38-05.csv;233;12.03.25 15-37-00;12.03.25 15-38-59;32.0;-8.0;-8.0;TRUE;TRUE;TRUE;Dårlig apex med løs hinne;3.211;2.635;1;692.9756655172414;./main/output/plots/12.03.25 15-38-05.png
4;5;BASIS;Rykk;12.03.25 15-39-28.csv;148;12.03.25 15-38-00;12.03.25 15-39-59;34.0;-8.0;-5.0;TRUE;TRUE;FALSE;"Dårlig rykk, ""hakket"" litt i rykket";5.09;3.958;1;2199.3581783251234;./main/output/plots/12.03.25 15-39-28.png
4;6;BASIS;Motor;12.03.25 15-42-56.csv;175;12.03.25 15-41-00;12.03.25 15-43-59;29.0;;-29.0;TRUE;FALSE;FALSE;løsnet fint;4.554250000000001;1.415992;1;465.7768290640392;./main/output/plots/12.03.25 15-42-56.png
5;1;APEX;Motor;12.03.25 15-59-53.csv;196;12.03.25 15-59-00;12.03.25 16-00-59;37.0;6.0;-16.0;TRUE;FALSE;TRUE;seig og løs hinne;6.547212;1.44;1;1238.9403192118227;./main/output/plots/12.03.25 15-59-53.png
5;2;APEX;Motor;12.03.25 16-01-44.csv;196;12.03.25 16-01-00;12.03.25 16-02-59;37.0;3.0;-11.0;TRUE;TRUE;TRUE;løs hinne som ble strekt ;7.441166;2.751;1;1399.4227147783251;./main/output/plots/12.03.25 16-01-44.png
5;3;BASIS;Rykk;12.03.25 16-04-11.csv;220;12.03.25 16-03-00;12.03.25 16-04-59;35.0;-3.0;-6.0;TRUE;TRUE;FALSE;vanninnslipp i pose, tunge ser kokt ut. Ok rykk med bevegelse mot personen (ikke rett opp);6.028007;4.915998999999999;1;2575.8096990147783;./main/output/plots/12.03.25 16-04-11.png
5;4;BASIS;Rykk;12.03.25 16-06-10.csv;205;12.03.25 16-05-00;12.03.25 16-06-59;36.0;-3.0;-6.0;TRUE;FALSE;FALSE;Liten frostskade, løsnet lett;2.57898;1.5560000000000005;1;1462.2749394088669;./main/output/plots/12.03.25 16-06-10.png
5;5;BASIS;Motor;12.03.25 16-09-59.csv;231;12.03.25 16-09-00;12.03.25 16-10-59;37.0;;-22.0;TRUE;FALSE;FALSE;Løsnet lett;8.769257;6.3339929999999995;1;347.3311285714285;./main/output/plots/12.03.25 16-09-59.png
5;6;APEX;Motor;12.03.25 16-11-49.csv;158;12.03.25 16-11-00;12.03.25 16-12-59;36.0;-3.0;-25.0;TRUE;FALSE;TRUE;ingen hinne (kun muskel) i kontaktområde. God strekk i tunge ved de-attach;9.288214;4.612;1;1011.826879802956;./main/output/plots/12.03.25 16-11-49.png
5;1;BASIS;Rykk;12.03.25 16-13-24.csv;196;12.03.25 16-13-00;12.03.25 16-15-59;36.0;-21.0;-17.0;TRUE;FALSE;FALSE;;7.506;7.198;1;550.0210133004925;./main/output/plots/12.03.25 16-13-24.png
5;2;BASIS;Motor;12.03.25 16-14-49.csv;196;12.03.25 16-14-00;12.03.25 16-15-59;35.0;-23.0;-18.0;FALSE;TRUE;FALSE;God strekk i tunge ved skadested;5.171214;3.355214;2;313.23635862068977;./main/output/plots/12.03.25 16-14-49.png
5;3;APEX;Motor;12.03.25 16-17-56.csv;220;12.03.25 16-16-00;12.03.25 16-18-59;35.0;-14.0;-8.0;TRUE;TRUE;TRUE;grå tunge etter vanninnslipp i pose. løs hinne som ble strekt ;7.592214;3.016;1;2177.8167738916254;./main/output/plots/12.03.25 16-17-56.png
5;4;APEX;Rykk;12.03.25 16-19-28.csv;205;12.03.25 16-18-00;12.03.25 16-20-59;35.0;-14.0;-7.0;TRUE;TRUE;TRUE;Flyttet motor før rykk;8.230993;5.615;1;1901.685431034483;./main/output/plots/12.03.25 16-19-28.png
5;5;APEX;Rykk;12.03.25 16-20-46.csv;231;12.03.25 16-20-00;12.03.25 16-20-59;36.0;-14.0;-4.0;FALSE;TRUE;TRUE;Liten avrivningsskade;2.1990000000000003;1.428013;1;1833.0475566502464;./main/output/plots/12.03.25 16-20-46.png
5;6;BASIS;Rykk;12.03.25 16-22-05.csv;158;12.03.25 16-21-00;12.03.25 16-22-59;34.0;-13.0;0.0;TRUE;TRUE;FALSE;tynn hinne igjen på rør;3.778;3.382;1;1865.0714482758624;./main/output/plots/12.03.25 16-22-05.png
6;1;BASIS;Motor;12.03.25 16-40-59.csv;208;12.03.25 16-40-00;12.03.25 16-41-59;36.0;;-21.0;TRUE;TRUE;FALSE;Liten avrivning;5.187213;2.852;1;591.8655650246305;./main/output/plots/12.03.25 16-40-59.png
6;2;BASIS;Rykk;12.03.25 16-42-47.csv;207;12.03.25 16-42-00;12.03.25 16-42-59;36.0;;-13.0;TRUE;TRUE;FALSE;"Satt veldig godt, slapp ikke ved rykk så ble mer ""dratt"" av";6.811992999999999;5.508001999999999;1;2371.625366009852;./main/output/plots/12.03.25 16-42-47.png
6;3;BASIS;Rykk;12.03.25 16-44-35.csv;180;12.03.25 16-43-00;12.03.25 16-44-59;36.0;0.0;-8.0;TRUE;TRUE;FALSE;Satt godt fast;3.819;3.3480000000000003;1;2564.750781773399;./main/output/plots/12.03.25 16-44-35.png
6;4;APEX;Motor;12.03.25 16-48-43.csv;225;12.03.25 16-47-00;12.03.25 16-48-59;36.0;-2.0;-21.0;TRUE;FALSE;FALSE;Løsnet lett;4.548382;3.1551419999999997;1;157.36540344827569;./main/output/plots/12.03.25 16-48-43.png
6;5;APEX;Motor;12.03.25 16-50-53.csv;147;12.03.25 16-49-00;12.03.25 16-51-59;36.0;-11.0;-20.0;TRUE;FALSE;TRUE;På muskel, frostskade;6.708214;2.508;1;1359.9265817733992;./main/output/plots/12.03.25 16-50-53.png
6;6;APEX;Motor;12.03.25 16-52-43.csv;178;12.03.25 16-51-00;12.03.25 16-52-59;36.0;-15.0;-13.0;TRUE;FALSE;TRUE;Dårlig apex;7.235214;3.186;1;453.0953679802957;./main/output/plots/12.03.25 16-52-43.png
6;1;APEX;Motor;12.03.25 16-54-19.csv;208;12.03.25 16-53-00;12.03.25 16-54-59;36.0;-17.0;-8.0;TRUE;FALSE;TRUE;Festet på muske, mye strekk i tunga;11.866199;6.1639930000000005;1;1233.154669458128;./main/output/plots/12.03.25 16-54-19.png
6;2;APEX;Rykk;12.03.25 16-57-55.csv;207;12.03.25 16-56-00;12.03.25 16-58-59;35.0;-11.0;-25.0;TRUE;FALSE;TRUE;På muskel, løsnet lett;4.656015;2.148000000000001;1;527.4761935960589;./main/output/plots/12.03.25 16-57-55.png
6;3;APEX;Rykk;12.03.25 16-59-34.csv;180;12.03.25 16-58-00;12.03.25 16-59-59;35.0;-12.0;-20.0;TRUE;FALSE;TRUE;På muskel ;5.648000000000001;4.6080000000000005;1;1113.214520689655;./main/output/plots/12.03.25 16-59-34.png
6;4;BASIS;Rykk;12.03.25 17-00-57.csv;225;12.03.25 17-00-00;12.03.25 17-01-59;35.0;-15.0;-13.0;TRUE;TRUE;FALSE;Satt veldig godt, løftet røret, mye avrivning;5.16;2.8909850000000006;1;2656.3818103448275;./main/output/plots/12.03.25 17-00-57.png
6;5;BASIS;Motor;12.03.25 17-02-42.csv;147;12.03.25 17-01-00;12.03.25 17-03-59;33.0;-17.0;-12.0;TRUE;TRUE;FALSE;Rolig avrivning, mye igjen på pipe;5.2422640000000005;2.243007;1;2042.611903448276;./main/output/plots/12.03.25 17-02-42.png
6;6;BASIS;Rykk;12.03.25 17-05-58.csv;178;12.03.25 17-05-00;12.03.25 17-06-59;35.0;-10.0;-21.0;TRUE;FALSE;FALSE;Satt godt, to/tre mindre rykk;6.562;4.024000999999999;1;4011.9744921182264;./main/output/plots/12.03.25 17-05-58.png
7;1;BASIS;Rykk;12.03.25 17-34-20.csv;222;12.03.25 17-33-00;12.03.25 17-34-59;35.0;;-28.0;TRUE;FALSE;FALSE;Løsnet lett;2.648;2.444;1;617.2711857142858;./main/output/plots/12.03.25 17-34-20.png
7;2;APEX;Rykk;12.03.25 17-35-53.csv;262;12.03.25 17-34-00;12.03.25 17-36-59;35.0;;-24.0;TRUE;FALSE;TRUE;Løsnet lett;6.156;2.42;1;1025.618502463054;./main/output/plots/12.03.25 17-35-53.png
7;3;APEX;Rykk;12.03.25 17-37-39.csv;209;12.03.25 17-37-00;12.03.25 17-39-59;36.0;-6.0;-20.0;TRUE;FALSE;TRUE;Dårlig forsøk, la på tunge før sampling startet;4.700986;1.3859930000000005;2;2474.31531182266;./main/output/plots/12.03.25 17-37-39.png
7;4;BASIS;Motor;12.03.25 17-39-58.csv;213;12.03.25 17-39-00;12.03.25 17-41-59;35.0;-8.0;-39.0;TRUE;TRUE;FALSE;Liten avrivning, fint drag - slapp ikke lett;8.250212999999999;5.892;1;1095.5800310344828;./main/output/plots/12.03.25 17-39-58.png
7;5;APEX;Rykk;12.03.25 17-42-27.csv;178;12.03.25 17-40-00;12.03.25 17-42-59;33.0;-8.0;-24.0;TRUE;FALSE;TRUE;;4.306;1.679002;1;568.5308226600985;./main/output/plots/12.03.25 17-42-27.png
7;6;BASIS;Motor;12.03.25 17-44-18.csv;203;12.03.25 17-43-00;12.03.25 17-44-59;35.0;-14.0;-25.0;TRUE;FALSE;FALSE;Løsnet lett;5.555206;2.9022129999999997;1;574.5940128078815;./main/output/plots/12.03.25 17-44-18.png
7;1;APEX;Motor;12.03.25 17-45-51.csv;222;12.03.25 17-45-00;12.03.25 17-46-59;35.0;-22.0;-19.0;TRUE;TRUE;TRUE;Dårlig resultat, satt veldig godt og løftet røret;13.072214;4.908;1;2976.620726600985;./main/output/plots/12.03.25 17-45-51.png
7;2;BASIS;Rykk;12.03.25 17-50-01.csv;262;12.03.25 17-49-00;12.03.25 17-50-59;34.0;-7.0;-21.0;TRUE;FALSE;FALSE;;2.587;2.263;1;682.2369871921184;./main/output/plots/12.03.25 17-50-01.png
7;3;BASIS;Motor;12.03.25 17-51-26.csv;209;12.03.25 17-50-00;12.03.25 17-51-59;34.0;-10.0;-20.0;TRUE;FALSE;FALSE;;9.931198;7.699214;1;1851.1090315270935;./main/output/plots/12.03.25 17-51-26.png
7;4;APEX;Motor;12.03.25 17-53-54.csv;213;12.03.25 17-53-00;12.03.25 17-54-59;32.0;-14.0;-12.0;TRUE;TRUE;TRUE;Dårlig og seig apex;6.710258;2.564007;1;1715.4558266009851;./main/output/plots/12.03.25 17-53-54.png
7;5;BASIS;Motor;12.03.25 17-55-43.csv;178;12.03.25 17-55-00;12.03.25 17-56-59;33.0;-15.0;-4.0;TRUE;FALSE;FALSE;;8.155214;4.595;1;1321.7754522167488;./main/output/plots/12.03.25 17-55-43.png
7;6;APEX;Rykk;12.03.25 17-57-08.csv;203;12.03.25 17-57-00;12.03.25 17-59-59;33.0;-15.0;-5.0;TRUE;TRUE;TRUE;Hinne løsnet;8.247993;6.22;1;1672.4370655172413;./main/output/plots/12.03.25 17-57-08.png
8;1;BASIS;Rykk;12.03.25 18-09-20.csv;251;12.03.25 18-08-00;12.03.25 18-09-59;33.0;;-26.0;TRUE;FALSE;FALSE;;4.923007;3.883014999999999;1;1200.5543477832514;./main/output/plots/12.03.25 18-09-20.png
8;2;APEX;Rykk;12.03.25 18-11-12.csv;164;12.03.25 18-10-00;12.03.25 18-11-59;33.0;;-20.0;TRUE;FALSE;TRUE;bra rykk, på muskel;7.861;5.265;1;1477.5396610837438;./main/output/plots/12.03.25 18-11-12.png
8;3;BASIS;Motor;12.03.25 18-13-13.csv;254;12.03.25 18-11-00;12.03.25 18-13-59;35.0;-7.0;-8.0;TRUE;TRUE;FALSE;"Rift i muskel, løftet røret, litt sen sampling. Lekkasje i pose, grå ""kokt"" tunge";13.250214;8.316;1;1334.67040591133;./main/output/plots/12.03.25 18-13-13.png
8;4;BASIS;Motor;12.03.25 18-15-56.csv;155;12.03.25 18-14-00;12.03.25 18-16-59;34.0;-12.0;-8.0;TRUE;TRUE;FALSE;Løftet rør, lang kontakt;10.488214;6.0600000000000005;1;3913.469001477832;./main/output/plots/12.03.25 18-15-56.png
8;5;APEX;Motor;12.03.25 18-17-57.csv;178;12.03.25 18-16-00;12.03.25 18-18-59;34.0;-11.0;-3.0;TRUE;TRUE;TRUE;løs hinne som løsnet;4.592214;1.5680000000000005;1;539.8801142857141;./main/output/plots/12.03.25 18-17-57.png
8;6;APEX;Motor;12.03.25 18-22-25.csv;197;12.03.25 18-20-00;12.03.25 18-22-59;33.0;-6.0;-27.0;TRUE;FALSE;TRUE;ingen hinne, løsnet lett;8.011213999999999;4.951993;1;29.419281773398783;./main/output/plots/12.03.25 18-22-25.png
8;1;APEX;Rykk;12.03.25 18-23-48.csv;251;12.03.25 18-23-00;12.03.25 18-24-59;34.0;-10.0;-25.0;TRUE;FALSE;TRUE;kontaktareal på overgang hinne/muskel;3.1479930000000005;2.1159929999999996;1;852.6894876847291;./main/output/plots/12.03.25 18-23-48.png
8;2;BASIS;Motor;12.03.25 18-25-40.csv;164;12.03.25 18-24-00;12.03.25 18-25-59;33.0;-13.0;-20.0;TRUE;FALSE;FALSE;Løsnet lett;6.3882140000000005;3.832;2;331.2978334975368;./main/output/plots/12.03.25 18-25-40.png
8;3;APEX;Rykk;12.03.25 18-27-04.csv;254;12.03.25 18-26-00;12.03.25 18-27-59;35.0;-16.0;-15.0;TRUE;TRUE;FALSE;"Trengte to rykk, løftet rør først. Lekkasje i pose, grå ""kokt"" tunge";8.689;4.786;1;3155.0578507389164;./main/output/plots/12.03.25 18-27-04.png
8;4;APEX;Motor;12.03.25 18-29-54.csv;155;12.03.25 18-29-00;12.03.25 18-31-59;34.0;-10.0;-12.0;TRUE;TRUE;TRUE;Løftet rør, tunge datt ned fra mount;10.215214;3.12;1;3142.93147044335;./main/output/plots/12.03.25 18-29-54.png
8;5;BASIS;Rykk;12.03.25 18-32-31.csv;178;12.03.25 18-31-00;12.03.25 18-32-59;34.0;-11.0;-9.0;TRUE;TRUE;FALSE;Bra rykk, holdt mulignes borti røret ved rykk;8.585947;7.573985;2;2737.871939901478;./main/output/plots/12.03.25 18-32-31.png
8;6;BASIS;Rykk;12.03.25 18-33-58.csv;197;12.03.25 18-33-00;12.03.25 18-34-59;33.0;-11.0;-6.0;TRUE;TRUE;FALSE;Trengte to rykk, touchet røret ved avrivning;3.24;2.344007;1;2947.457635960591;./main/output/plots/12.03.25 18-33-58.png
9;1;BASIS;Motor;12.03.25 18-47-21.csv;178;12.03.25 18-46-00;12.03.25 18-47-59;35.0;;-20.0;TRUE;TRUE;FALSE;Kjørte motor litt ned etter sampling hadde begynt;7.426206;2.2762450000000003;1;1176.258888669951;./main/output/plots/12.03.25 18-47-21.png
9;2;BASIS;Rykk;12.03.25 18-49-16.csv;240;12.03.25 18-48-00;12.03.25 18-49-59;32.0;;-15.0;TRUE;TRUE;FALSE;Stor avrivning, måtte holde røret som ble løftet;8.381;6.648997;1;3667.0344807881775;./main/output/plots/12.03.25 18-49-16.png
9;3;APEX;Rykk;12.03.25 18-51-09.csv;189;12.03.25 18-50-00;12.03.25 18-51-59;34.0;-8.0;-11.0;TRUE;TRUE;TRUE;På muskel;6.12;3.397985;1;1221.3485280788177;./main/output/plots/12.03.25 18-51-09.png
9;4;BASIS;Rykk;12.03.25 18-52-44.csv;189;12.03.25 18-51-00;12.03.25 18-52-59;33.0;-10.0;-6.0;TRUE;TRUE;FALSE;Satt godt fast mtp kontakttid;3.048;1.7240000000000002;1;3680.9328497536944;./main/output/plots/12.03.25 18-52-44.png
9;5;APEX;Motor;12.03.25 18-55-29.csv;247;12.03.25 18-54-00;12.03.25 18-55-59;34.0;;-25.0;TRUE;TRUE;FALSE;ok apex, liten avrivning, rørte røret ved drag pga god adhesjon;7.830214;3.4880000000000004;1;2286.2710201970444;./main/output/plots/12.03.25 18-55-29.png
9;6;APEX;Rykk;12.03.25 18-57-04.csv;211;12.03.25 18-56-00;12.03.25 18-57-59;32.0;-9.0;-23.0;TRUE;FALSE;FALSE;Slapp lett;2.3200000000000003;1.168;1;699.8928261083744;./main/output/plots/12.03.25 18-57-04.png
9;1;APEX;Motor;12.03.25 18-58-33.csv;178;12.03.25 18-57-00;12.03.25 18-58-59;33.0;-12.0;-18.0;TRUE;TRUE;FALSE;middels apex, satt godt og løsnet fra mount;8.054216;3.992007000000001;1;3445.599944827586;./main/output/plots/12.03.25 18-58-33.png
9;2;APEX;Rykk;12.03.25 19-00-12.csv;240;12.03.25 18-59-00;12.03.25 19-00-59;32.0;-14.0;-14.0;TRUE;TRUE;TRUE;Trengte to rykk;12.102;2.455007;1;3468.8279408866993;./main/output/plots/12.03.25 19-00-12.png
9;3;BASIS;Rykk;12.03.25 19-02-08.csv;189;12.03.25 19-01-00;12.03.25 19-02-59;34.0;-13.0;-13.0;TRUE;TRUE;FALSE;Bra rykk og fin skade;5.215961;3.183993;1;3528.9047615763548;./main/output/plots/12.03.25 19-02-08.png
9;4;APEX;Motor;12.03.25 19-03-35.csv;189;12.03.25 19-02-00;12.03.25 19-03-59;32.0;-8.0;-11.0;TRUE;TRUE;FALSE;middels apex, liten avrivning;10.065206;6.494993;1;1008.5817921182268;./main/output/plots/12.03.25 19-03-35.png
9;5;BASIS;Motor;12.03.25 19-05-01.csv;247;12.03.25 19-04-00;12.03.25 19-05-59;34.0;;-10.0;TRUE;TRUE;FALSE;Løsnet greit;8.683213;3.2040149999999996;1;1938.576954187192;./main/output/plots/12.03.25 19-05-01.png
9;6;BASIS;Motor;12.03.25 19-06-37.csv;211;12.03.25 19-05-00;12.03.25 19-06-59;31.0;-4.0;-7.0;TRUE;TRUE;FALSE;;6.510196;2.186993;1;2104.332617241379;./main/output/plots/12.03.25 19-06-37.png
10;1;APEX;Motor;25.03.25 12-48-13.csv;193;25.03.25 12-47-00;25.03.25 12-48-59;35.0;-8.0;-28.0;TRUE;FALSE;FALSE;Overgang løs hinne;5.679213000000001;2.45;1;1522.4158078817734;./main/output/plots/25.03.25 12-48-13.png
10;2;BASIS;Motor;25.03.25 12-50-21.csv;204;25.03.25 12-49-00;25.03.25 12-50-59;37.0;-25.0;-16.0;TRUE;TRUE;FALSE;;9.526198;6.22;1;842.0789049261082;./main/output/plots/25.03.25 12-50-21.png
10;3;APEX;Rykk;25.03.25 12-52-18.csv;174;25.03.25 12-51-00;25.03.25 12-52-59;37.0;-26.0;-17.0;TRUE;TRUE;TRUE;løs hinne som ble igjen;3.136015;1.844015;1;2030.677666502463;./main/output/plots/25.03.25 12-52-18.png
10;4;BASIS;Motor;25.03.25 12-54-20.csv;173;25.03.25 12-53-00;25.03.25 12-54-59;35.0;-21.0;-7.0;TRUE;FALSE;FALSE;;9.576204;6.848993;1;901.3658029556652;./main/output/plots/25.03.25 12-54-20.png
10;5;BASIS;Rykk;25.03.25 12-58-34.csv;178;25.03.25 12-57-00;25.03.25 12-58-59;31.0;-11.0;-31.0;TRUE;FALSE;FALSE;;9.879;5.696015;2;258.02716945812824;./main/output/plots/25.03.25 12-58-34.png
10;6;APEX;Rykk;25.03.25 13-00-35.csv;186;25.03.25 13-00-00;25.03.25 13-01-59;35.0;-21.0;-23.0;TRUE;FALSE;TRUE;;7.456015;3.843007;1;1297.6294379310343;./main/output/plots/25.03.25 13-00-35.png
10;1;BASIS;Rykk;25.03.25 13-02-10.csv;193;25.03.25 13-02-00;25.03.25 13-03-59;36.0;-25.0;-19.0;TRUE;TRUE;FALSE;Liten avrivning;3.804008;2.199711;1;1050.063406403941;./main/output/plots/25.03.25 13-02-10.png
10;2;APEX;Motor;25.03.25 13-04-12.csv;204;25.03.25 13-03-00;25.03.25 13-04-59;35.0;-26.0;-12.0;TRUE;FALSE;FALSE;;7.502213;4.032;1;819.1924970443349;./main/output/plots/25.03.25 13-04-12.png
10;3;BASIS;Motor;25.03.25 13-07-53.csv;174;25.03.25 13-07-00;25.03.25 13-08-59;36.0;-10.0;-8.0;TRUE;FALSE;FALSE;;8.996213999999998;6.345001;1;1177.2836532019703;./main/output/plots/25.03.25 13-07-53.png
10;4;APEX;Motor;25.03.25 13-09-37.csv;173;25.03.25 13-08-00;25.03.25 13-09-59;37.0;-14.0;-7.0;TRUE;TRUE;TRUE;"Hinne løsnet, står ""før"" på etter-bildet";6.250213;3.2680149999999997;1;823.2275073891626;./main/output/plots/25.03.25 13-09-37.png
10;5;APEX;Rykk;25.03.25 13-11-24.csv;178;25.03.25 13-10-00;25.03.25 13-12-59;35.0;-17.0;-6.0;TRUE;TRUE;FALSE;Fine skader. På formalin;7.386993;5.3508830000000005;1;4143.507289655172;./main/output/plots/25.03.25 13-11-24.png
10;6;BASIS;Rykk;25.03.25 13-15-27.csv;186;25.03.25 13-15-00;25.03.25 13-16-59;33.0;-10.0;1.0;FALSE;FALSE;FALSE;Satt ikke fast i røret - validerer IR kamera;4.984;3.228;1;169.38503743842384;./main/output/plots/25.03.25 13-15-27.png
11;1;APEX;Rykk;25.03.25 13-31-46.csv;230;25.03.25 13-31-00;25.03.25 13-32-59;35.0;-22.0;-5.0;TRUE;FALSE;TRUE;blodig overflate på tunge;8.398;4.699;1;1196.241797044335;./main/output/plots/25.03.25 13-31-46.png
11;2;APEX;Rykk;25.03.25 13-33-28.csv;188;25.03.25 13-33-00;25.03.25 13-33-59;37.0;-15.0;-15.0;TRUE;FALSE;TRUE;Tunge ser grå ut, men ingen vannlekkasje;4.899985;3.84;1;425.9604571428571;./main/output/plots/25.03.25 13-33-28.png
11;3;BASIS;Rykk;25.03.25 13-35-45.csv;187;25.03.25 13-35-00;25.03.25 13-35-59;37.0;-20.0;-8.0;TRUE;TRUE;FALSE;Nytt rør, IR viser varmere temp enn forrige rør mens sensor synker. Devaliderer ir?;2.787;2.359;1;4336.291117241379;./main/output/plots/25.03.25 13-35-45.png
11;4;BASIS;Rykk;25.03.25 13-37-28.csv;194;25.03.25 13-36-00;25.03.25 13-37-59;36.0;-22.0;-10.0;TRUE;TRUE;FALSE;Trengte to rykk;3.834982;2.306;1;2768.273287684729;./main/output/plots/25.03.25 13-37-28.png
11;5;BASIS;Motor;25.03.25 13-39-10.csv;182;25.03.25 13-38-00;25.03.25 13-39-59;37.0;-20.0;-9.0;TRUE;TRUE;FALSE;løftet røret, fin skade på formalin;8.162258;4.224;1;3669.3402009852216;./main/output/plots/25.03.25 13-39-10.png
11;6;APEX;Rykk;25.03.25 13-41-14.csv;220;25.03.25 13-39-00;25.03.25 13-41-59;37.0;-15.0;-1.0;TRUE;TRUE;TRUE;løs hinne som løsnet;6.210992000000001;4.019;1;1952.3472275862068;./main/output/plots/25.03.25 13-41-14.png
11;1;BASIS;Rykk;25.03.25 13-44-38.csv;230;25.03.25 13-43-00;25.03.25 13-44-59;37.0;-5.0;-16.0;TRUE;FALSE;FALSE;;4.547;4.279015;1;1497.4585216748767;./main/output/plots/25.03.25 13-44-38.png
11;2;BASIS;Motor;25.03.25 13-46-22.csv;188;25.03.25 13-45-00;25.03.25 13-46-59;37.0;-8.0;-12.0;TRUE;TRUE;FALSE;Liten avrivning;11.354213;5.572021;1;1055.9771517241377;./main/output/plots/25.03.25 13-46-22.png
11;3;APEX;Motor;25.03.25 13-48-18.csv;187;25.03.25 13-47-00;25.03.25 13-48-59;35.0;-10.0;-10.0;TRUE;FALSE;TRUE;Ingen hinne, rett på muskel. Bra bilde av frostskade;12.035212;5.844007;1;1064.1539187192116;./main/output/plots/25.03.25 13-48-18.png
11;4;APEX;Motor;25.03.25 13-49-57.csv;194;25.03.25 13-49-00;25.03.25 13-50-59;37.0;-10.0;-5.0;TRUE;TRUE;TRUE;løs hinne som løsnet;6.568212000000001;2.612;1;672.693867487685;./main/output/plots/25.03.25 13-49-57.png
11;5;APEX;Motor;25.03.25 13-53-43.csv;182;25.03.25 13-53-00;25.03.25 13-53-59;37.0;-2.0;-2.0;FALSE;TRUE;TRUE;løs hinne som løsnet, på formalin;4.994213;1.6800000000000002;1;677.3693556650244;./main/output/plots/25.03.25 13-53-43.png
11;6;BASIS;Motor;25.03.25 13-56-30.csv;220;25.03.25 13-56-00;25.03.25 13-56-59;36.0;-5.0;1.0;FALSE;FALSE;FALSE;ingen adhesjon (validerer IR sensor temp);13.535;2.296114;1;131.8530364532019;./main/output/plots/25.03.25 13-56-30.png
12;1;BASIS;Motor;25.03.25 14-26-04.csv;163;25.03.25 14-24-00;25.03.25 14-26-59;34.0;-19.0;-21.0;TRUE;FALSE;FALSE;;8.635206;5.260000000000001;1;592.8903295566504;./main/output/plots/25.03.25 14-26-04.png
12;2;BASIS;Motor;25.03.25 14-29-24.csv;180;25.03.25 14-28-00;25.03.25 14-29-59;34.0;-25.0;-13.0;TRUE;FALSE;FALSE;;8.792213;4.9;1;576.5367955665025;./main/output/plots/25.03.25 14-29-24.png
12;3;APEX;Rykk;25.03.25 14-32-58.csv;222;25.03.25 14-32-00;25.03.25 14-33-59;36.0;-14.0;-18.0;TRUE;FALSE;TRUE;;7.916;5.448015;1;2094.9175931034483;./main/output/plots/25.03.25 14-32-58.png
12;4;APEX;Motor;25.03.25 14-37-27.csv;185;25.03.25 14-36-00;25.03.25 14-37-59;36.0;-16.0;-25.0;TRUE;FALSE;FALSE;Bra bilder av frostskade;9.703211;6.809999;1;472.41644926108376;./main/output/plots/25.03.25 14-37-27.png
12;5;APEX;Rykk;25.03.25 14-39-42.csv;225;25.03.25 14-38-00;25.03.25 14-39-59;34.0;-23.0;-16.0;TRUE;FALSE;TRUE;bra bilde av skade;5.806985000000001;3.915985;1;2025.8527334975367;./main/output/plots/25.03.25 14-39-42.png
12;6;BASIS;Motor;25.03.25 14-42-06.csv;175;25.03.25 14-40-00;25.03.25 14-42-59;35.0;-21.0;-13.0;TRUE;TRUE;FALSE;;5.418213000000001;2.055993;1;2907.1288817733994;./main/output/plots/25.03.25 14-42-06.png
12;1;APEX;Motor;25.03.25 14-43-40.csv;163;25.03.25 14-42-00;25.03.25 14-43-59;36.0;-18.0;-7.0;TRUE;TRUE;FALSE;Avrivning av delvis løs hinne;6.245249;1.928;1;1128.479242364532;./main/output/plots/25.03.25 14-43-40.png
12;2;APEX;Rykk;25.03.25 14-47-55.csv;180;25.03.25 14-47-00;25.03.25 14-48-59;34.0;-10.0;-10.0;TRUE;FALSE;FALSE;Trengte to rykk;5.852;4.1;1;4361.589991625616;./main/output/plots/25.03.25 14-47-55.png
12;3;BASIS;Rykk;25.03.25 14-50-18.csv;222;25.03.25 14-49-00;25.03.25 14-50-59;35.0;-12.0;-3.0;TRUE;FALSE;FALSE;Står apex på bildet;9.008;6.627999999999998;1;4395.962301970443;./main/output/plots/25.03.25 14-50-18.png
12;4;BASIS;Rykk;25.03.25 14-53-09.csv;185;25.03.25 14-52-00;25.03.25 14-53-59;36.0;-6.0;-2.0;TRUE;TRUE;FALSE;;8.236;6.728985000000001;1;4479.864898029557;./main/output/plots/25.03.25 14-53-09.png
12;5;BASIS;Motor;25.03.25 14-55-10.csv;225;25.03.25 14-54-00;25.03.25 14-55-59;35.0;-6.0;-4.0;TRUE;TRUE;FALSE;;9.785198;5.826;1;3020.9631418719214;./main/output/plots/25.03.25 14-55-10.png
12;6;APEX;Rykk;25.03.25 14-56-48.csv;175;25.03.25 14-56-00;25.03.25 14-57-59;35.0;-6.0;0.0;FALSE;FALSE;FALSE;ingen adhesjon, varmt rør;5.471991;3.712007;1;160.18350591133017;./main/output/plots/25.03.25 14-56-48.png
13;1;APEX;Motor;25.03.25 15-18-45.csv;230;25.03.25 15-17-00;25.03.25 15-19-59;36.0;-9.0;-25.0;TRUE;FALSE;TRUE;;9.115212;6.98;1;238.30045221674857;./main/output/plots/25.03.25 15-18-45.png
13;2;BASIS;Motor;25.03.25 15-20-53.csv;210;25.03.25 15-20-00;25.03.25 15-21-59;36.0;-22.0;-20.0;TRUE;FALSE;FALSE;på formalin;5.695748;1.64;1;344.7692172413794;./main/output/plots/25.03.25 15-20-53.png
13;3;APEX;Rykk;25.03.25 15-23-41.csv;170;25.03.25 15-22-00;25.03.25 15-23-59;34.0;-23.0;-5.0;TRUE;TRUE;FALSE;dobbelt rykk, på formalin;6.238;4.321993000000001;1;3589.7928541871925;./main/output/plots/25.03.25 15-23-41.png
13;4;BASIS;Rykk;25.03.25 15-25-39.csv;194;25.03.25 15-25-00;25.03.25 15-26-59;36.0;-17.0;-5.0;TRUE;TRUE;FALSE;dobbelt rykk, bra skade;11.999007;5.514985999999999;1;5556.508134482759;./main/output/plots/25.03.25 15-25-39.png
13;5;APEX;Rykk;25.03.25 15-32-50.csv;183;25.03.25 15-32-00;25.03.25 15-33-59;36.0;-10.0;-16.0;TRUE;FALSE;FALSE;;7.967029;5.895022999999999;1;2488.747412315271;./main/output/plots/25.03.25 15-32-50.png
13;6;BASIS;Motor;25.03.25 15-35-03.csv;153;25.03.25 15-34-00;25.03.25 15-35-59;35.0;-14.0;-15.0;TRUE;TRUE;FALSE;bilde av skade igjen på rør;11.98221;4.924007;1;3911.376773891626;./main/output/plots/25.03.25 15-35-03.png
13;1;BASIS;Rykk;25.03.25 15-36-57.csv;230;25.03.25 15-36-00;25.03.25 15-37-59;36.0;-14.0;-10.0;TRUE;TRUE;FALSE;;11.74;8.507985;1;4043.272508866995;./main/output/plots/25.03.25 15-36-57.png
13;2;APEX;Rykk;25.03.25 15-38-38.csv;210;25.03.25 15-38-00;25.03.25 15-39-59;36.0;-12.0;-7.0;TRUE;TRUE;FALSE;Pent bilde, på formalin;10.771999999999998;9.750007;1;2807.385133990148;./main/output/plots/25.03.25 15-38-38.png
13;3;BASIS;Motor;25.03.25 15-43-09.csv;170;25.03.25 15-42-00;25.03.25 15-43-59;35.0;-18.0;-27.0;TRUE;FALSE;FALSE;bra bilde av skade;8.795212999999999;6.2749999999999995;1;535.0124827586206;./main/output/plots/25.03.25 15-43-09.png
13;4;APEX;Rykk;25.03.25 15-46-41.csv;194;25.03.25 15-46-00;25.03.25 15-46-59;36.0;-24.0;-16.0;TRUE;TRUE;TRUE;løs hinne som løsnet;3.536;2.36;1;1754.3755295566502;./main/output/plots/25.03.25 15-46-41.png
13;5;BASIS;Motor;25.03.25 15-48-21.csv;183;25.03.25 15-47-00;25.03.25 15-48-59;36.0;-21.0;-9.0;TRUE;TRUE;FALSE;Bra bilde av skade;6.970213;2.956015;1;2746.0487068965517;./main/output/plots/25.03.25 15-48-21.png
13;6;APEX;Motor;25.03.25 15-49-59.csv;153;25.03.25 15-49-00;25.03.25 15-50-59;35.0;-16.0;-8.0;TRUE;TRUE;TRUE;løs hinne som løsnet;6.222212;2.232;1;1159.6064650246306;./main/output/plots/25.03.25 15-49-59.png
14;1;APEX;Motor;25.03.25 16-28-57.csv;199;25.03.25 16-28-00;25.03.25 16-29-59;37.0;-7.0;-28.0;TRUE;FALSE;TRUE;;10.619212;7.538985;1;689.0260522167487;./main/output/plots/25.03.25 16-28-57.png
14;2;BASIS;Motor;25.03.25 16-30-56.csv;230;25.03.25 16-30-00;25.03.25 16-31-59;36.0;-17.0;-20.0;TRUE;TRUE;FALSE;;4.851213;1.872;1;1968.252427093596;./main/output/plots/25.03.25 16-30-56.png
14;3;BASIS;Rykk;25.03.25 16-33-25.csv;172;25.03.25 16-32-00;25.03.25 16-33-59;35.0;-22.0;-15.0;TRUE;TRUE;FALSE;Liten avrivning;6.642985;3.0390150000000005;1;2848.90944679803;./main/output/plots/25.03.25 16-33-25.png
14;4;APEX;Rykk;25.03.25 16-35-21.csv;164;25.03.25 16-34-00;25.03.25 16-35-59;35.0;-20.0;-16.0;TRUE;TRUE;FALSE;på formalin;9.307;2.3840000000000003;1;3117.077515270936;./main/output/plots/25.03.25 16-35-21.png
14;5;APEX;Motor;25.03.25 16-40-37.csv;212;25.03.25 16-39-00;25.03.25 16-40-59;34.0;-15.0;-32.0;TRUE;FALSE;FALSE;;10.670267;4.22;1;465.67008275862065;./main/output/plots/25.03.25 16-40-37.png
14;6;BASIS;Rykk;25.03.25 16-43-05.csv;169;25.03.25 16-42-00;25.03.25 16-43-59;34.0;-25.0;-25.0;TRUE;FALSE;FALSE;;5.646999999999999;3.566993;1;275.61896059113286;./main/output/plots/25.03.25 16-43-05.png
14;1;BASIS;Motor;25.03.25 16-44-41.csv;199;25.03.25 16-44-00;25.03.25 16-45-59;36.0;-27.0;-16.0;TRUE;TRUE;FALSE;FLYVENDE TUNGE!;7.659213;1.736;1;3794.361473891626;./main/output/plots/25.03.25 16-44-41.png
14;2;APEX;Motor;25.03.25 16-50-46.csv;230;25.03.25 16-50-00;25.03.25 16-51-59;35.0;-6.0;-21.0;TRUE;TRUE;TRUE;Tunga fløy! Bra test;7.074213;1.907985;1;2488.085585221675;./main/output/plots/25.03.25 16-50-46.png
14;3;APEX;Rykk;25.03.25 16-53-50.csv;172;25.03.25 16-53-00;25.03.25 16-54-59;32.0;-11.0;-11.0;TRUE;FALSE;FALSE;;9.055999;4.6040019999999995;1;1580.379051724138;./main/output/plots/25.03.25 16-53-50.png
14;4;BASIS;Rykk;25.03.25 16-57-15.csv;164;25.03.25 16-57-00;25.03.25 16-57-59;36.0;-9.0;-4.0;TRUE;TRUE;FALSE;;6.903;5.183014;1;3576.961948275862;./main/output/plots/25.03.25 16-57-15.png
14;5;BASIS;Rykk;25.03.25 17-03-21.csv;212;25.03.25 17-03-00;25.03.25 17-03-59;33.0;-5.0;-20.0;TRUE;FALSE;FALSE;;12.127;6.436000000000002;2;1889.0039699507388;./main/output/plots/25.03.25 17-03-21.png
14;6;APEX;Motor;25.03.25 17-05-52.csv;169;25.03.25 17-05-00;25.03.25 17-06-59;34.0;-12.0;-11.0;TRUE;FALSE;FALSE;Rift i tunge, øvre del;8.523213;4.069999999999999;1;1333.325402463054;./main/output/plots/25.03.25 17-05-52.png
